Code,Title,Credits,Instructor ID,Semester,Department
CS101,Introduction to Programming,3,INST001,FALL,Computer Science
CS201,Data Structures and Algorithms,4,INST002,SPRING,Computer Science
CS301,Database Systems,3,INST003,FALL,Computer Science
EE201,Digital Logic Design,3,INST004,SPRING,Electrical Engineering
MATH101,Calculus I,4,INST005,FALL,Mathematics
MATH201,Linear Algebra,3,INST006,SPRING,Mathematics
ENG101,English Composition,3,INST007,FALL,Humanities
PHY101,Modern Physics,4,INST008,FALL,Physics
CHEM101,General Chemistry,4,INST009,FALL,Chemistry
BBA101,Principles of Management,3,INST010,SPRING,Business Administration
