
ID,FullName,Email,Department
INST001,Dr. Rajesh Singh,rajesh.singh@faculty.edu,Computer Science
INST002,Prof. Sunita Rao,sunita.rao@faculty.edu,Computer Science
INST003,Dr. Alok Nath,alok.nath@faculty.edu,Computer Science
INST004,Prof. Deepa Krishnan,deepa.krishnan@faculty.edu,Electrical Engineering
INST005,Dr. Mohan Kumar,mohan.kumar@faculty.edu,Mathematics
INST006,Prof. Gita Desai,gita.desai@faculty.edu,Mathematics
INST007,Dr. Anil Sharma,anil.sharma@faculty.edu,Humanities
INST008,Prof. Veena Patel,veena.patel@faculty.edu,Physics
INST009,Dr. Sanjay Reddy,sanjay.reddy@faculty.edu,Chemistry
INST010,Prof. Malini Iyer,malini.iyer@faculty.edu,Business Administration
