ID,Registration Number,Full Name,Email
STU001,REG001,Priya Sharma,priya.sharma@university.edu
STU002,REG002,Rahul Verma,rahul.verma@university.edu
STU003,REG003,Anjali Gupta,anjali.gupta@university.edu
STU004,REG004,Vikram Singh,vikram.singh@university.edu
STU005,REG005,Sneha Reddy,sneha.reddy@university.edu
STU006,REG006,Arjun Kumar,arjun.kumar@university.edu
STU007,REG007,Meera Iyer,meera.iyer@university.edu
STU008,REG008,Rohan Mehta,rohan.mehta@university.edu
STU009,REG009,Pooja Patel,pooja.patel@university.edu
STU010,REG010,Aditya Joshi,aditya.joshi@university.edu
STU011,REG011,Kavita Nair,kavita.nair@university.edu
STU012,REG012,Suresh Menon,suresh.menon@university.edu
